artifact_id,variable_id,source_id,repository,repository_branch,repository_commit,repository_blob_sha,official_url,download_url,local_path,retrieved_at_utc,sha256,size_bytes,format,underlying_provider,distributor,license_or_terms,official_byte_identical_at_snapshot,status,notes
GH_FRED_DCOILBRENTEU_20260729,brent_usd_bbl,SRC_FRED_EIA_SPOT,Joydivisor/math-modeling-for-school,main,407f807235dd1ec209b311e12fe08e7a23cee0b2,0122487959cfc5d6f1a91434782ffe7650fc1ab2,https://fred.stlouisfed.org/series/DCOILBRENTEU,https://fred.stlouisfed.org/graph/fredgraph.csv?id=DCOILBRENTEU&cosd=2010-01-01&coed=2026-07-29,data/DCOILBRENTEU.csv,2026-07-29T12:22:39Z,0093fbee07f6a42ab76aa339a704369314d832c28a14b9b8bd4d1b6725facbff,73775,csv,U.S. Energy Information Administration,Federal Reserve Bank of St. Louis,Public domain; citation requested,true,audited,Commit-pinned collaborator upload; bytes matched the official FRED CSV snapshot recorded in the configuration.
GH_FRED_DCOILWTICO_20260729,wti_usd_bbl,SRC_FRED_EIA_SPOT,Joydivisor/math-modeling-for-school,main,407f807235dd1ec209b311e12fe08e7a23cee0b2,a1da5c1205f5636545f53520f1a1c8f018520f2c,https://fred.stlouisfed.org/series/DCOILWTICO,https://fred.stlouisfed.org/graph/fredgraph.csv?id=DCOILWTICO&cosd=2010-01-01&coed=2026-07-29,data/DCOILWTICO.csv,2026-07-29T12:22:39Z,31fdaf865837a375ba44d724a214d5f3552a1c0a77079dd59dcaa524585f7e07,72988,csv,U.S. Energy Information Administration,Federal Reserve Bank of St. Louis,Public domain; citation requested,true,audited,Commit-pinned collaborator upload; bytes matched the official FRED CSV snapshot recorded in the configuration.
GH_FRED_DTWEXBGS_20260729,broad_usd_index,SRC_FRED_DTWEXBGS,Joydivisor/math-modeling-for-school,main,407f807235dd1ec209b311e12fe08e7a23cee0b2,430cfea325d07660a976b54bdf9b1076d572fbcb,https://fred.stlouisfed.org/series/DTWEXBGS,https://fred.stlouisfed.org/graph/fredgraph.csv?id=DTWEXBGS&cosd=2010-01-01&coed=2026-07-29,data/DTWEXBGS.csv,2026-07-29T12:22:39Z,4ae83853d02a112301310f5cb459d4065c54ac3f42554ec1eb114c40585afcf0,83630,csv,Board of Governors of the Federal Reserve System,Federal Reserve Bank of St. Louis,Public domain; citation requested,true,audited,Commit-pinned collaborator upload; bytes matched the official FRED CSV snapshot recorded in the configuration.
GH_FRED_VIXCLS_20260729,vix_index,SRC_FRED_VIX,Joydivisor/math-modeling-for-school,main,407f807235dd1ec209b311e12fe08e7a23cee0b2,69e1943fb1065138f2a1bc54ca9e73f983bb4021,https://fred.stlouisfed.org/series/VIXCLS,https://fred.stlouisfed.org/graph/fredgraph.csv?id=VIXCLS&cosd=2010-01-01&coed=2026-07-29,data/VIXCLS.csv,2026-07-29T12:22:39Z,c7bf8d682fa396920e1a09cf31d9d7a81ad9d49cb2839199a7f201c97905255b,72802,csv,Chicago Board Options Exchange,Federal Reserve Bank of St. Louis,Copyrighted by CBOE; citation required; redistribution review required,true,audited,Commit-pinned collaborator upload; bytes matched the official FRED CSV snapshot recorded in the configuration.
EIA_WCESTUS1W_20260729,us_crude_inventory,SRC_EIA_API,,,,,https://www.eia.gov/dnav/pet/hist/LeafHandler.ashx?n=PET&s=WCESTUS1&f=W,https://www.eia.gov/dnav/pet/hist_xls/WCESTUS1w.xls,data/raw/eia/WCESTUS1w.xls,2026-07-29T13:12:04Z,52eb5f5464f417841f0070184263cc317338e88ef15823bda4088b7a98133805,129536,xls,U.S. Energy Information Administration,U.S. Energy Information Administration,EIA Copyrights and Reuse policy; official U.S. government data,true,audited_external_not_committed,"Direct official EIA XLS download. The ignored raw file is identified by retrieval time, byte size, and SHA-256."
EIA_STEO_PAPR_WORLD_M_20260729,global_oil_supply,SRC_EIA_API,,,,,https://www.eia.gov/opendata/bulk-downloads.php,https://www.eia.gov/opendata/bulk/STEO.zip,data/raw/eia/STEO.zip,2026-07-29T13:12:04Z,a76fdf70a9106985b8235e3f4f20e48168f37233e421c67d0b39f3e3f532b454,5545296,zip_jsonl,U.S. Energy Information Administration,U.S. Energy Information Administration,EIA Copyrights and Reuse policy; official U.S. government data,true,audited_external_not_committed,Logical series STEO.PAPR_WORLD.M extracted from the official EIA STEO bulk ZIP; the same physical ZIP is referenced by multiple logical audit artifacts.
EIA_STEO_PATC_WORLD_M_20260729,global_oil_demand,SRC_EIA_API,,,,,https://www.eia.gov/opendata/bulk-downloads.php,https://www.eia.gov/opendata/bulk/STEO.zip,data/raw/eia/STEO.zip,2026-07-29T13:12:04Z,a76fdf70a9106985b8235e3f4f20e48168f37233e421c67d0b39f3e3f532b454,5545296,zip_jsonl,U.S. Energy Information Administration,U.S. Energy Information Administration,EIA Copyrights and Reuse policy; official U.S. government data,true,audited_external_not_committed,Logical series STEO.PATC_WORLD.M extracted from the official EIA STEO bulk ZIP; the same physical ZIP is referenced by multiple logical audit artifacts.
EIA_STEO_JUL26_TABLE1_20260729,gulf_shut_in_mbd,SRC_EIA_STEO_JUL,,,,,https://www.eia.gov/outlooks/steo/archives/jul26.pdf,https://www.eia.gov/outlooks/steo/archives/jul26.pdf,data/raw/eia/jul26.pdf,2026-07-29T13:12:04Z,c1a0d6814be9ee54241b7eb650b26d3c1b1d1483f70f9b5021fd975b05f7d251,5346044,pdf,U.S. Energy Information Administration,U.S. Energy Information Administration,EIA Copyrights and Reuse policy; official U.S. government data,true,audited_external_not_committed,Direct official EIA report download; Table 1 on PDF page index 4 was text-extracted and cross-checked against its total row.
IEA_POLICY_COVERAGE_20260729,policy_response_index,SRC_IEA_POLICY_TRACKER,,,,,https://www.iea.org/data-and-statistics/data-tools/2026-energy-crisis-policy-response-tracker,https://iea.blob.core.windows.net/scripts/2026-energy-crisis-policy-response/2026-energy-crisis-policy-response.js,data/raw/cross_country/iea_2026_energy_crisis_policy_response_20260729.js,2026-07-29T14:38:44Z,0ac0a5c58693f5deda7f3d6d5faa653f39744c5453feb299b66bd515397cf16e,98666,javascript,International Energy Agency,International Energy Agency static resource,IEA terms and usage rights; retain locally for audit and do not redistribute without checking permissions,true,audited_external_not_committed,Direct official static-resource response; all three arrays were parsed and audited as qualitative category coverage only.
NDRC_GASOLINE_ADJUSTMENTS_20260729,china_gasoline_adjustment,SRC_NDRC_2026_ROUNDS,Joydivisor/math-modeling-for-school,agent/data-pipeline,,,https://www.ndrc.gov.cn/xwdt/xwfb/wap_index.html,https://www.ndrc.gov.cn/xwdt/xwfb/wap_index.html,data/metadata/ndrc_price_adjustments_2026.csv,2026-07-29T13:48:00Z,53b6a6f1b2fdd4f6cdf35a7d24146aa6ecdefae4aa0c0181a9d836736804f6f6,4370,csv,National Development and Reform Commission,Project-structured facts from official NDRC pages,NDRC copyrighted pages; factual values may be cited with attribution,false,audited,Structured factual registry; each row retains the official page URL and SHA-256 of the downloaded HTML. Raw copyrighted pages are ignored.
NDRC_DIESEL_ADJUSTMENTS_20260729,china_diesel_adjustment,SRC_NDRC_2026_ROUNDS,Joydivisor/math-modeling-for-school,agent/data-pipeline,,,https://www.ndrc.gov.cn/xwdt/xwfb/wap_index.html,https://www.ndrc.gov.cn/xwdt/xwfb/wap_index.html,data/metadata/ndrc_price_adjustments_2026.csv,2026-07-29T13:48:00Z,53b6a6f1b2fdd4f6cdf35a7d24146aa6ecdefae4aa0c0181a9d836736804f6f6,4370,csv,National Development and Reform Commission,Project-structured facts from official NDRC pages,NDRC copyrighted pages; factual values may be cited with attribution,false,audited,Structured factual registry; each row retains the official page URL and SHA-256 of the downloaded HTML. Raw copyrighted pages are ignored.
OECD_PEER_REAL_GDP_20260729,peer_real_gdp,SRC_OECD_EXPLORER,,,,,https://data-explorer.oecd.org/,"https://sdmx.oecd.org/public/rest/data/OECD.SDD.NAD,DSD_NAMAIN1@DF_QNA_EXPENDITURE_GROWTH_G20,1.1/Q.Y.CHN+JPN+KOR+DEU+USA+IND+GBR+SAU.S1.S1.B1GQ._Z._Z._Z.PC.L.GY.T0102?startPeriod=2010-Q1&endPeriod=2026-Q2&dimensionAtObservation=AllDimensions&format=csvfile",data/raw/cross_country/oecd_peer_real_gdp_2010Q1_2026Q2_20260729.csv,2026-07-29T14:38:45Z,58fe823bbdf50e9558d6b85e7309e8ffbc14c652e583542419f4a94ab6312a35,69800,csv,Organisation for Economic Co-operation and Development,OECD SDMX API,OECD terms and conditions; cite the dataflow and retrieval date,true,audited_external_not_committed,"Direct official SDMX CSV response with exact endpoint, retrieval time, byte size, SHA-256, requested areas, statuses, and schema."
OECD_PEER_IP_20260729,peer_industrial_production,SRC_OECD_EXPLORER,,,,,https://data-explorer.oecd.org/,"https://sdmx.oecd.org/public/rest/data/OECD.SDD.STES,DSD_STES@DF_INDSERV,4.3/JPN+KOR+DEU+USA+IND+GBR+NOR.M.PRVM.IX.BTE.Y._Z._Z.N?startPeriod=2010-01&endPeriod=2026-06&dimensionAtObservation=AllDimensions&format=csvfile",data/raw/cross_country/oecd_peer_industrial_production_2010M01_2026M06_20260729.csv,2026-07-29T14:38:00Z,dcd6c66dfa49b929bdab2794e0195f32fd67e1ed80e5b3ad2c9b9a96a275e4d1,132490,csv,Organisation for Economic Co-operation and Development,OECD SDMX API,OECD terms and conditions; cite the dataflow and retrieval date,true,audited_external_not_committed,"Direct official SDMX CSV response with exact endpoint, retrieval time, byte size, SHA-256, requested areas, statuses, and schema."
OECD_PEER_CPI_20260729,peer_cpi,SRC_OECD_EXPLORER,,,,,https://data-explorer.oecd.org/,"https://sdmx.oecd.org/public/rest/data/OECD.SDD.TPS,DSD_G20_PRICES@DF_G20_PRICES,1.0/CHN+JPN+KOR+DEU+USA+IND+GBR+SAU.M...PA._T.N.GY?startPeriod=2010-01&endPeriod=2026-06&dimensionAtObservation=AllDimensions&format=csvfile",data/raw/cross_country/oecd_peer_cpi_2010M01_2026M06_20260729.csv,2026-07-29T14:38:53Z,bb4dda5bf3c4da7b2b22cbd2434358c753aad72ce6573b92657302537ef570f1,149211,csv,Organisation for Economic Co-operation and Development,OECD SDMX API,OECD terms and conditions; Germany and the United Kingdom use HICP while other areas use national CPI,true,audited_external_not_committed,"Direct official SDMX CSV response with exact endpoint, retrieval time, byte size, SHA-256, requested areas, statuses, and schema."
GACC_TOTAL_EXPORTS_CNY_202606,china_exports,SRC_GACC_STATS,,,,,https://english.customs.gov.cn/Statics/142befa2-8638-4657-89d1-40209514b007.html,http://english.customs.gov.cn/Excel/1_1-en-%E4%BA%BA%E6%B0%91%E5%B8%81-2026-06_CNY25.xls,data/raw/trade_energy/gacc_2026-06_total_exports_imports_cny.xls,2026-07-29T15:04:55Z,402fd8c93b63548fbf779c91e921f8c8294bfc9a872e5f6d66d68797a98ec3b2,9216,xls,General Administration of Customs of China,GACC English statistics,Official website terms,true,audited_external_not_committed,Untouched official OLE2/BIFF workbook.
GACC_CRUDE_IMPORT_QTY_202606,china_crude_import_qty,SRC_GACC_STATS,,,,,https://english.customs.gov.cn/Statics/1440a39c-d651-4cec-b326-d4e2ab3d0f93.html,http://english.customs.gov.cn/Excel/1_11-en-%E4%BA%BA%E6%B0%91%E5%B8%81-2026-06_cny45.xls,data/raw/trade_energy/gacc_2026-06_major_imports_cny.xls,2026-07-29T14:46:45Z,4f1e2c817bbda5d2ec5f3ededb987f562d25a3871fd488fab2d7eb8e349a9e6a,16896,xls,General Administration of Customs of China,GACC English statistics,Official website terms,true,audited_external_not_committed,Untouched official OLE2/BIFF workbook; quantity view.
GACC_CRUDE_IMPORT_VALUE_202606,china_crude_import_value,SRC_GACC_STATS,,,,,https://english.customs.gov.cn/Statics/1440a39c-d651-4cec-b326-d4e2ab3d0f93.html,http://english.customs.gov.cn/Excel/1_11-en-%E4%BA%BA%E6%B0%91%E5%B8%81-2026-06_cny45.xls,data/raw/trade_energy/gacc_2026-06_major_imports_cny.xls,2026-07-29T14:46:45Z,4f1e2c817bbda5d2ec5f3ededb987f562d25a3871fd488fab2d7eb8e349a9e6a,16896,xls,General Administration of Customs of China,GACC English statistics,Official website terms,true,audited_external_not_committed,Untouched official OLE2/BIFF workbook; value view.
GACC_REFINED_EXPORTS_202606,china_refined_product_exports,SRC_GACC_STATS,,,,,https://english.customs.gov.cn/Statics/0549e67d-b68f-4258-b848-01396e12b49e.html,http://english.customs.gov.cn/Excel/1_9-en-%E4%BA%BA%E6%B0%91%E5%B8%81-2026-06-CNY45.xls,data/raw/trade_energy/gacc_2026-06_major_exports_cny.xls,2026-07-29T14:46:45Z,eee6d723c80b5faa4f27463db41cefa101fb5075ebc817f557085b913c208f50,16384,xls,General Administration of Customs of China,GACC English statistics,Official website terms,true,audited_external_not_committed,Auxiliary refined-product export endpoint; not total exports.
JODI_OIL_PRIMARY_20260729,jodi_oil_primary_snapshot,SRC_JODI_OIL,,,,,https://www.jodidata.org/oil/database/data-downloads.aspx,https://www.jodidata.org/_resources/files/downloads/oil-data/annual-csv/primary/primaryyear2026.csv,data/raw/trade_energy/jodi_oil_primary_2026.csv,2026-07-29T14:47:52Z,8da29e886eb313762371a38ac3c348cab47fe52a8afd71a0c051e1a05b1bfe09,3963616,csv,Joint Organisations Data Initiative,JODI Oil,JODI terms of use,true,audited_external_not_committed,Untouched official primary CSV; Last-Modified was 2026-07-21 and assessment codes are retained.
JODI_OIL_SECONDARY_20260729,jodi_oil_secondary_snapshot,SRC_JODI_OIL,,,,,https://www.jodidata.org/oil/database/data-downloads.aspx,https://www.jodidata.org/_resources/files/downloads/oil-data/annual-csv/secondary/secondaryyear2026.csv,data/raw/trade_energy/jodi_oil_secondary_2026.csv,2026-07-29T14:51:01Z,28b659c1d30501e2fa3b1d98abf4ccc18c3d885ad9b919af6ae99a36e4af0168,9001018,csv,Joint Organisations Data Initiative,JODI Oil,JODI terms of use,true,audited_external_not_committed,Untouched official secondary CSV; Last-Modified was 2026-07-21 and assessment codes are retained.
JODI_OIL_DEPENDENCY_20260729,net_oil_import_dependency,SRC_JODI_OIL,,,,,https://www.jodidata.org/oil/database/data-downloads.aspx,https://www.jodidata.org/oil/database/data-downloads.aspx,data/raw/trade_energy,2026-07-29T14:51:01Z,a0bab577a865f45ac604de1aa9e355e52df6e983068741cbe6ac96bc61c5ffaf,12964634,csv collection,Joint Organisations Data Initiative,JODI Oil,JODI terms of use,true,audited_external_not_committed,Logical aggregate fingerprint over the primary and secondary file SHA-256 values; individual raw manifests are retained separately.
UNCOMTRADE_HS2709_2022_2024_20260729,supplier_hhi,SRC_UN_COMTRADE,,,,,https://comtradeplus.un.org/,https://comtradeapi.un.org/public/v1/preview/C/A/HS?reporterCode={M49}&period={YEAR}&cmdCode=2709&flowCode=M&partner2Code=0&customsCode=C00&motCode=0&maxRecords=500,data/raw/trade_energy/comtrade_hs2709,2026-07-29T14:59:26Z,cb6991efd598e7c53947d2acfbc5d6dd6bde114899fb7d4dc1417a5cacd50e49,641760,json collection,United Nations,UN Comtrade API,UN Comtrade license agreement,true,audited_external_not_committed,Collection SHA-256 is computed over the sorted filename and per-file SHA-256 list; all individual hashes are in config.
