event_id,date_start,date_end,event_type,direction,severity,mechanism,causal_role,source_ids,verification_status,data_cutoff,notes
E01,2026-02-28,2026-02-28,war_start,shock,2,Risk premium and expected supply disruption,treatment,SRC_CENTCOM_EPIC_FURY|SRC_IEA_POLICY_TRACKER,verified,2026-07-29,Use occurrence date rather than fact sheet publication date
E02,2026-03-02,2026-03-02,chokepoint_closure,shock,3,Physical export blockage freight and insurance surge,treatment,SRC_EIA_HORMUZ|SRC_IEA_POLICY_TRACKER,verified,2026-07-29,Primary physical supply intervention date
E03,2026-03-11,2026-03-11,emergency_stock_announcement,mitigation,2,Expected additional supply and inventory buffer,treatment,SRC_IEA_RELEASE|SRC_IEA_POLICY_TRACKER,verified,2026-07-29,Announcement is distinct from implementation
E04,2026-03-15,2026-03-31,emergency_stock_implementation,mitigation,2,Asia Oceania immediate release and Americas Europe release from end March,treatment,SRC_IEA_IMPLEMENTATION|SRC_IEA_RELEASE,verified,2026-07-29,Use regional implementation timing where data permit
E05,2026-03-23,2026-03-23,domestic_price_control,mitigation,2,China reduces pass-through from international crude to refined fuel prices,treatment,SRC_NDRC_20260323|SRC_NDRC_PRICING,verified,2026-07-29,Estimate avoided domestic price increase from calculated versus actual adjustment
E06,2026-04-07,2026-04-07,domestic_price_control,mitigation,2,China continues reduced fuel-price pass-through,treatment,SRC_NDRC_20260407|SRC_NDRC_PRICING,verified,2026-07-29,Gasoline 800 calculated versus 420 actual and diesel 770 versus 400 yuan per tonne
O01,2026-04-01,2026-04-30,price_peak,outcome,0,Observed maximum in Brent series,outcome_marker,SRC_EIA_API|SRC_IEA_OMR_JUL,provisional,2026-07-29,Exact peak date and value must be computed from the frozen price series
E07,2026-06-18,2026-06-18,peace_or_reopening,mitigation,3,Expected end of conflict and reopening of Strait,treatment,SRC_EIA_STEO_JUL|SRC_IEA_OMR_JUL,verified,2026-07-29,Test both announcement-day and gradual flow-recovery effects
E08,2026-07-07,2026-07-08,renewed_escalation,shock,2,Ceasefire breach and renewed hostilities,treatment,SRC_CENTCOM_DVIDS_E08|SRC_IEA_OMR_JUL|SRC_AP_E08|SRC_IEA_OMR_JUL_PUBLICATION,verified,2026-07-29,Interval verified by CENTCOM DVIDS plus IEA and AP; distinguish July 7 vessel attacks from the retaliatory strike reported across the July 7-8 UTC and Gulf-local calendar boundary
